age,annual_income,time_on_site,purchased
36.8,72.6,9.52,1
31.2,53.3,4.7,0
29.4,58.6,2.83,0
27.4,64.3,6.38,1
27.2,13.7,7.46,0
41.1,70.6,12.86,1
37.0,24.7,1.84,0
43.8,36.9,9.48,1
28.3,53.3,3.94,0
36.1,66.0,5.67,1
49.4,43.6,6.87,0
19.3,57.3,8.8,1
65.9,59.7,12.01,1
45.5,30.4,4.44,0
20.4,42.5,5.66,1
18.0,50.9,6.23,0
28.6,16.3,12.1,1
33.9,18.7,2.56,0
21.6,29.7,3.08,0
58.0,30.5,9.04,1
48.7,51.3,4.18,0
35.1,35.3,1.66,0
26.7,62.4,7.07,1
62.3,47.1,9.06,0
30.3,34.8,3.24,0
28.3,59.5,2.01,0
40.6,16.4,3.89,0
18.0,19.3,3.01,0
39.0,38.6,7.97,0
38.0,48.1,12.42,1
40.8,30.9,9.36,1
18.1,62.7,9.72,1
48.5,18.0,10.18,0
20.6,57.6,6.95,0
29.6,36.8,5.71,0
47.5,35.9,6.1,0
35.4,43.7,5.15,0
31.3,54.6,10.75,1
40.7,38.8,6.2,0
23.7,60.7,9.03,0
37.6,30.5,8.71,0
24.6,48.7,8.21,1
18.0,57.1,11.12,1
40.0,34.2,5.09,0
31.6,48.2,20.35,1
31.4,49.6,17.56,1
35.6,84.5,5.57,1
51.4,45.0,5.5,0
18.0,36.5,6.31,0
44.9,37.7,10.04,1
46.1,26.8,7.83,0
18.1,66.5,6.7,0
42.9,57.3,13.69,1
35.7,41.4,0.5,0
18.0,15.6,10.56,0
24.5,19.0,15.11,0
43.8,63.1,10.18,1
36.0,55.1,12.26,1
46.2,35.5,12.23,1
61.6,60.6,6.33,0
21.5,45.6,5.56,1
35.0,39.7,12.24,1
40.4,12.1,5.37,0
18.0,42.7,5.63,0
18.0,30.7,14.58,0
42.9,36.0,10.82,0
20.8,13.1,11.71,0
23.8,43.4,1.09,0
42.2,27.0,0.5,0
18.7,54.4,2.55,0
34.2,48.2,0.62,0
59.0,52.5,8.96,1
23.1,42.7,9.35,0
38.2,43.3,10.96,0
68.8,17.7,8.12,0
40.9,35.0,12.42,0
31.4,41.3,2.09,0
42.5,25.0,5.81,0
32.5,38.4,9.03,0
24.2,43.1,7.71,0
22.2,46.6,3.35,0
27.2,56.3,8.55,0
22.0,25.3,8.8,0
28.0,67.4,5.21,0
41.7,47.6,1.57,0
25.6,54.5,2.35,0
18.8,42.4,5.89,0
18.0,55.1,10.4,0
30.4,44.3,6.41,1
25.5,34.8,8.34,1
43.8,39.1,9.68,1
23.9,52.4,2.88,0
26.0,46.2,12.32,1
24.6,45.1,3.58,1
34.6,32.0,13.06,0
34.6,40.6,12.14,1
44.2,50.7,0.95,0
25.3,19.0,8.66,0
31.9,49.1,7.62,1
35.6,52.6,0.5,0
35.1,23.1,8.46,1
38.3,39.8,9.32,0
44.7,43.0,6.93,1
48.0,39.9,7.09,0
18.0,33.6,4.86,0
41.6,31.7,11.09,0
26.9,54.2,10.15,1
42.3,30.3,12.21,1
44.7,40.9,7.64,0
39.0,44.1,8.95,1
35.5,64.3,6.75,1
44.2,29.1,12.6,1
32.8,53.4,4.38,0
46.5,37.0,10.96,0
37.0,30.1,4.05,1
54.3,60.7,3.5,0
55.7,34.5,3.63,1
31.1,27.6,4.93,0
44.0,22.2,7.6,1
35.4,67.8,11.03,1
25.4,49.5,3.96,0
39.6,23.6,14.45,1
36.8,50.4,8.53,0
22.7,39.3,4.89,0
60.5,67.6,8.9,1
37.8,43.3,9.5,0
35.7,19.8,9.08,0
18.0,50.8,7.71,0
40.9,65.6,9.52,1
50.1,65.9,1.49,1
18.0,56.1,6.03,0
30.5,29.8,6.89,0
27.8,42.3,4.49,0
23.4,48.4,5.4,0
18.0,46.0,13.68,1
40.2,43.7,6.78,0
18.0,20.3,6.15,0
18.5,66.7,9.94,1
37.4,46.2,4.08,0
37.5,32.7,10.46,0
43.7,72.2,6.13,1
33.2,42.3,17.32,1
49.3,46.9,9.15,0
32.7,90.9,2.48,1
36.5,56.2,4.33,0
41.5,45.0,11.88,1
32.2,79.1,12.26,1
18.0,67.0,7.75,0
37.0,50.4,7.79,1
40.4,32.7,3.15,0
43.3,55.3,2.71,0
47.8,26.0,6.95,0
20.3,40.2,7.09,0
18.0,60.3,10.54,1
29.4,44.2,6.0,0
48.9,64.3,2.38,0
47.0,40.3,7.55,0
40.3,59.7,10.75,1
29.5,65.4,5.73,1
69.3,32.6,11.86,1
22.8,39.4,9.65,1
40.8,54.2,9.51,1
40.3,16.3,14.68,1
28.3,38.5,8.83,1
43.7,67.2,3.71,0
22.1,53.7,1.85,0
34.5,38.3,13.0,1
47.2,44.3,13.53,0
45.1,33.7,4.74,0
43.1,56.3,3.92,0
21.1,20.7,12.26,0
24.8,59.5,6.98,0
56.7,48.2,1.1,0
26.1,57.4,9.21,0
44.0,62.5,10.27,0
41.2,58.5,14.27,1
38.3,20.1,7.76,1
18.3,53.7,8.26,0
47.3,22.7,5.04,1
53.5,32.1,8.61,0
34.3,56.8,5.85,0
43.1,32.6,7.7,1
41.1,33.2,9.36,0
42.6,29.5,9.11,0
35.2,46.4,9.7,1
23.7,20.7,0.5,0
42.5,56.3,3.26,1
54.0,30.1,8.43,1
33.8,56.7,11.78,1
34.6,60.8,9.41,1
68.2,18.5,11.75,1
40.8,53.3,10.5,1
30.8,49.6,2.98,1
18.0,38.0,7.29,1
18.0,32.8,11.45,0
35.4,39.4,9.94,0
34.9,55.6,14.51,1
49.3,57.4,12.08,1
36.3,47.4,5.32,0
49.0,35.1,13.76,0
44.5,26.1,16.26,1
38.9,38.1,6.41,1
53.9,74.3,4.69,1
44.6,52.0,3.25,1
67.4,32.5,14.75,1
36.9,34.6,13.22,1
33.5,45.2,7.91,0
34.9,39.1,3.9,0
18.0,55.0,14.34,1
35.2,37.0,8.26,0
37.0,61.6,11.95,1
26.1,58.1,8.66,0
52.5,43.7,17.2,1
31.3,49.2,15.86,1
32.3,72.3,9.09,1
57.6,36.9,7.11,0
28.9,32.1,7.07,0
34.7,36.2,11.64,0
18.0,56.8,9.02,0
22.4,10.0,10.82,0
52.8,21.0,14.71,1
39.4,49.6,12.33,0
37.6,50.8,5.57,0
39.4,44.7,6.52,1
28.4,32.5,12.55,0
31.8,61.4,15.3,1
42.3,36.9,9.94,0
46.6,55.7,3.28,1
35.4,37.3,3.81,0
18.0,50.9,8.07,0
54.1,36.2,7.71,0
41.0,50.4,9.43,1
27.1,59.0,12.83,1
34.5,53.3,5.39,1
38.3,82.4,11.17,1
21.8,45.1,19.26,1
41.0,55.6,10.59,1
19.0,36.7,9.02,1
35.7,60.4,10.29,1
37.5,43.3,6.22,0
24.3,23.9,13.29,1
25.6,34.5,5.34,0
28.7,34.6,7.78,1
61.2,20.0,15.51,1
50.5,38.7,8.52,1
27.3,37.0,11.98,1
34.7,44.9,2.73,0
37.7,61.2,6.62,1
63.1,25.5,7.86,0
43.1,65.5,15.76,1
42.3,52.7,13.45,1
45.4,61.2,5.1,1
29.8,36.9,3.24,0
45.9,13.5,18.69,1
18.0,84.1,6.51,1
21.1,58.8,8.18,1
30.2,53.1,5.32,0
30.2,45.1,11.48,1
39.6,41.7,11.07,1
49.8,42.5,15.93,1
18.0,38.5,9.67,1
40.7,49.4,0.5,0
33.4,52.3,12.21,1
44.3,28.7,11.1,1
21.6,38.1,10.09,1
40.8,31.3,1.58,0
18.0,49.8,0.5,0
42.6,28.9,12.38,1
37.8,52.0,8.35,1
30.5,70.9,0.5,0
21.7,42.1,9.28,0
55.4,47.7,8.16,1
25.8,30.6,9.03,0
39.0,54.6,5.51,1
18.0,31.7,6.06,0
25.3,47.2,7.76,1
36.1,32.0,6.94,0
18.0,43.2,13.31,1
48.5,31.5,6.63,0
26.0,40.3,11.34,0
34.3,73.4,8.97,1
41.5,77.4,4.71,1
24.4,75.5,9.96,1
36.5,46.8,2.76,0
27.6,29.3,6.68,0
28.7,42.5,8.26,0
36.2,44.5,5.91,0
45.9,43.9,7.3,0
50.1,48.4,8.16,1
50.0,34.6,2.87,0
29.4,40.1,12.39,1
31.9,10.1,0.5,0
19.7,52.2,7.24,0
24.1,75.3,7.54,1
29.1,30.2,14.04,1
18.0,29.7,6.99,0
43.1,64.8,9.74,1
29.1,45.6,14.59,1
38.3,19.5,6.32,0
33.9,32.2,6.61,0
39.7,44.2,5.98,0
42.9,69.6,4.62,1
47.6,39.0,11.45,0
28.0,78.2,3.46,0
25.4,54.5,15.89,1
25.2,35.3,6.02,0
32.4,67.9,0.5,0
31.3,57.1,10.38,0
23.2,37.2,9.04,0
21.2,59.9,5.77,1
29.5,53.6,11.75,0
19.6,59.6,6.64,0
41.4,44.7,6.75,0
37.9,43.4,4.36,0
18.0,40.0,7.05,0
43.8,14.5,7.96,0
33.9,30.1,9.92,0
42.9,43.7,4.59,0
22.5,43.4,10.1,0
29.9,35.1,8.97,0
48.3,56.3,11.9,0
36.1,20.9,7.54,0
33.6,44.5,9.45,1
40.8,34.0,7.32,0
30.6,42.5,10.16,1
36.2,27.5,8.08,0
18.0,45.5,4.57,1
37.9,48.0,4.5,0
39.9,63.5,14.97,1
47.0,41.8,10.97,0
47.3,71.7,8.74,1
31.8,58.7,10.63,1
56.3,37.0,6.57,1
32.2,70.2,10.71,1
18.0,29.9,8.43,0
38.6,61.8,8.89,1
26.1,35.7,11.91,0
36.1,58.1,5.15,0
31.6,66.5,2.17,0
31.5,46.6,3.01,0
42.4,63.3,7.72,1
45.9,16.6,10.2,1
41.9,41.4,12.37,1
18.0,31.5,17.44,1
54.1,17.1,12.07,1
21.9,51.7,6.65,0
37.8,39.0,4.26,0
35.2,34.7,13.71,1
30.6,54.9,16.31,1
46.7,39.0,8.36,1
41.6,38.3,5.96,0
40.9,42.9,12.35,0
46.2,38.0,8.71,0
29.1,49.0,5.41,0
50.5,47.2,5.51,1
18.0,18.4,4.93,0
25.3,61.4,8.19,1
52.0,42.7,17.89,1
33.9,51.6,5.52,0
43.0,33.8,5.48,1
18.0,65.7,8.62,1
37.4,10.0,1.18,0
38.1,53.2,3.85,0
29.3,44.4,2.19,0
29.4,41.4,12.29,1
36.1,56.9,14.18,1
58.2,62.1,7.28,0
52.1,31.8,3.56,0
33.9,48.5,8.4,0
19.8,20.0,8.16,0
36.1,51.1,20.13,1
29.5,48.3,8.92,1
37.6,60.6,12.54,1
42.0,33.4,16.94,1
31.7,64.9,10.22,1
50.7,46.4,6.2,0
38.5,36.2,3.39,0
31.5,59.9,2.53,0
29.8,24.4,7.84,0
37.1,61.5,10.34,1
18.2,16.3,6.74,0
18.0,34.9,4.32,0
30.4,56.5,11.56,1
29.5,70.9,10.84,1
46.6,39.0,0.5,0
38.5,34.5,6.84,1
35.1,53.6,7.52,1
41.0,37.3,2.6,0
45.5,38.1,11.44,1
32.7,40.6,9.62,0
20.3,16.5,7.82,0
39.7,32.5,2.31,0
21.9,41.8,9.33,0
42.3,49.2,9.97,0
50.5,27.0,10.18,1
18.0,62.2,10.67,1
52.1,56.4,2.96,0
38.9,46.7,9.64,1
18.0,48.7,10.88,0
44.4,59.3,10.48,0
22.1,46.7,4.78,0
44.3,47.1,12.04,1
31.3,46.1,15.7,1
41.1,38.0,6.88,0
18.0,22.0,7.22,0
44.2,40.8,14.0,0
47.3,57.2,12.95,1
18.0,71.3,6.87,1
33.9,49.3,7.17,0
47.3,66.5,7.39,1
61.5,31.4,10.34,1
25.4,44.6,8.22,1
25.8,66.2,5.11,1
25.6,36.0,8.94,0
23.1,55.0,11.64,0
42.0,36.2,9.37,0
42.6,58.3,4.29,0
33.0,59.9,6.23,1
53.8,26.0,10.87,0
59.1,36.3,1.8,0
21.4,56.5,11.75,1
49.0,59.6,7.85,0
21.9,34.8,6.79,0
34.2,50.9,8.26,0
32.0,50.1,10.26,1
25.3,50.0,5.9,0
18.0,58.0,7.25,0
27.3,45.7,10.19,1
25.8,49.5,7.54,1
30.8,39.0,6.87,0
38.1,62.7,13.23,1
18.0,57.0,9.54,1
35.8,47.7,11.12,1
35.8,46.7,7.35,0
28.5,41.1,9.6,0
40.7,69.9,12.01,1
35.2,41.1,6.96,0
28.0,43.9,7.83,0
48.3,20.9,8.84,0
30.9,55.4,12.33,1
28.9,42.4,10.06,1
49.7,68.2,9.61,1
24.2,33.8,14.24,0
35.2,45.3,9.79,1
31.5,68.6,9.79,1
29.7,53.8,6.66,1
34.9,23.4,8.47,0
43.1,62.0,8.05,1
19.6,50.5,3.47,1
34.6,40.9,7.84,1
23.0,33.2,4.82,0
37.3,25.8,7.13,0
32.4,53.6,0.57,0
18.0,41.8,10.75,1
22.1,63.5,10.37,0
19.7,25.2,0.5,0
22.6,42.7,1.67,0
38.8,81.9,3.68,0
37.4,27.9,8.55,0
35.2,58.4,11.56,1
43.4,52.7,10.93,0
36.6,44.1,6.02,0
18.9,43.9,11.11,1
38.0,46.9,4.23,0
36.4,62.1,6.06,1
27.6,45.2,5.33,1
26.4,60.3,2.13,0
42.8,27.5,5.03,0
61.8,29.7,8.05,0
18.0,43.5,6.12,0
49.6,35.8,6.21,0
22.2,31.4,13.07,0
49.5,47.8,10.32,1
37.3,39.4,9.14,1
32.9,69.0,14.42,1
29.8,17.9,4.33,0
49.8,49.6,6.0,1
56.3,57.4,7.75,1
28.2,35.3,11.28,0
36.1,30.6,9.95,0
48.0,32.2,1.94,0
18.0,52.5,15.51,1
21.5,80.9,8.74,0
24.8,20.7,11.3,1
32.9,46.8,9.58,0
27.6,49.9,1.72,0
40.5,45.0,11.5,1
20.8,68.6,4.62,0
26.7,46.3,3.45,1
51.8,51.0,9.94,0
36.1,21.9,8.03,0
42.7,38.5,4.95,1
31.0,54.7,11.06,1
31.9,52.3,6.49,0
45.3,76.6,10.94,1
40.7,28.7,9.97,0
27.0,66.2,12.65,1
18.0,45.4,7.38,0
38.6,63.6,2.79,0
45.0,66.3,6.66,1
35.7,11.5,12.3,0
31.9,46.0,11.45,1
41.8,65.3,4.34,1
48.4,66.1,10.87,1
41.6,48.2,14.46,1
53.9,64.0,10.51,1
52.8,69.6,8.71,1
37.4,57.7,4.38,0
44.5,44.5,11.4,1
28.0,46.1,13.04,1
32.6,35.2,4.73,0
37.8,45.2,4.62,0
36.6,68.1,1.35,0
18.0,57.6,12.91,1
29.1,36.6,7.03,1
37.5,34.5,7.5,0
26.2,62.0,5.42,1
23.0,61.0,5.32,0
20.7,55.2,10.23,1
30.1,34.5,1.81,1
24.2,62.9,6.86,0
37.6,30.3,8.56,0
44.3,62.8,11.9,0
32.9,59.5,11.3,0
47.4,32.7,13.85,1
18.0,17.1,3.1,0
18.0,23.0,8.41,1
39.7,32.7,12.23,1
32.1,44.2,11.14,1
36.8,53.0,7.15,0
36.7,33.2,2.74,0
42.2,60.1,11.12,0
39.9,72.5,7.76,1
52.7,59.9,4.66,1
39.7,17.4,5.31,0
18.0,28.3,16.25,1
50.6,37.0,8.86,0
21.8,60.4,10.9,1
40.0,46.5,9.43,1
31.1,38.4,3.16,0
53.0,55.9,4.96,1
47.3,27.2,8.68,1
44.8,39.5,10.22,1
18.0,68.6,6.59,0
18.0,36.2,11.0,0
18.0,11.4,10.44,0
39.4,74.2,6.78,1
20.7,53.8,11.08,0
42.9,26.1,12.71,0
25.5,29.5,4.09,0
34.0,66.5,10.82,1
39.7,18.4,11.13,1
29.1,33.7,9.89,0
42.2,52.0,4.14,0
27.6,56.5,8.5,1
36.0,10.0,2.66,0
36.2,49.4,11.49,1
38.3,62.1,13.24,0
30.7,46.8,5.57,0
46.8,39.5,0.5,0
25.6,51.9,10.76,1
45.4,52.4,9.77,1
40.2,40.4,4.75,1
53.7,36.3,2.57,0
36.9,34.8,9.87,0
32.7,64.0,9.41,1
42.0,73.9,10.1,1
35.5,10.0,6.92,0
29.6,36.8,16.05,0
25.3,49.6,6.57,1
40.1,72.6,5.3,0
22.1,59.7,13.61,1
24.0,51.8,6.4,0
36.9,33.4,8.02,0
26.4,57.5,11.76,1
38.1,57.9,10.2,1
42.9,44.2,3.7,0
26.7,51.3,12.2,1
48.7,25.9,6.75,0
52.6,49.2,2.71,0
38.0,30.8,7.01,1
24.5,44.7,4.64,1
18.0,40.8,12.19,0
36.3,67.1,11.91,1
47.9,48.7,5.91,0
37.8,35.1,9.3,1
31.3,38.7,6.04,0
24.4,46.5,7.32,0
65.4,45.4,13.53,1
44.5,35.5,0.5,0
46.1,53.8,12.45,1
45.2,41.5,9.95,1
31.4,53.1,4.39,0
46.3,56.0,6.51,0
34.6,68.5,11.84,1
38.4,73.3,2.42,1
23.0,44.6,8.45,0
40.0,17.3,1.82,0
39.4,38.9,8.65,0
18.0,37.7,9.49,0
