glucose_level,diabetic
170.4,1
116.7,1
87.5,0
97.0,0
156.5,1
167.9,1
92.6,0
148.2,1
87.6,0
101.1,0
102.7,0
65.5,0
186.2,1
187.6,1
160.4,1
164.9,1
98.2,0
87.9,0
154.9,1
101.3,0
124.4,1
98.5,0
99.1,0
81.6,0
77.0,0
128.4,0
171.8,1
82.4,0
133.9,1
173.5,1
145.6,1
83.7,0
85.7,0
152.1,1
123.0,0
96.5,0
118.6,0
91.7,0
159.6,1
62.2,0
107.5,0
155.3,1
174.2,1
90.1,0
105.2,0
86.3,0
98.3,0
155.0,1
95.4,0
94.2,0
124.1,1
92.0,0
139.7,1
132.6,1
183.3,1
93.0,0
85.7,0
85.5,0
116.7,0
99.8,0
96.9,0
140.3,1
104.3,0
89.1,0
155.3,1
134.3,0
122.1,0
166.1,1
107.8,0
99.6,0
85.2,0
100.7,0
103.3,0
153.8,1
172.5,1
174.1,1
84.9,0
106.1,0
96.0,0
170.5,1
97.5,0
155.3,1
108.8,0
82.2,0
171.9,1
75.8,0
93.4,0
83.0,0
88.8,0
93.5,0
86.2,0
139.3,1
86.9,0
104.2,0
94.8,1
135.8,0
90.6,0
79.2,0
73.1,0
138.6,1
190.9,1
148.2,1
100.7,0
76.9,0
95.8,0
102.0,0
151.9,1
176.4,1
92.6,0
60.0,0
89.2,0
63.5,0
170.4,1
111.7,0
72.9,0
147.7,1
90.5,0
174.4,1
75.7,0
108.4,0
146.9,1
84.2,0
89.1,0
75.4,0
88.2,0
109.6,0
65.8,0
172.8,1
129.5,1
75.3,0
146.0,1
65.1,0
116.2,0
86.1,0
105.9,0
79.2,0
112.9,1
177.2,1
89.8,0
125.9,1
115.5,0
116.2,0
93.8,0
97.5,0
103.7,0
87.6,0
123.7,1
99.2,0
85.5,0
178.7,1
121.9,0
96.0,0
85.3,0
107.0,0
89.7,0
91.5,0
190.9,1
132.0,1
77.8,0
92.0,0
93.6,0
134.3,1
91.7,0
86.2,0
108.6,0
99.6,0
86.2,0
191.3,1
97.0,0
173.1,1
119.4,0
78.5,0
95.4,0
102.0,0
114.5,1
92.7,0
141.4,1
88.7,0
200.9,1
152.3,1
161.8,1
109.4,0
101.4,0
142.9,1
94.7,0
92.2,0
162.0,1
105.5,0
179.1,1
112.7,0
91.9,0
93.0,0
91.9,0
94.7,1
158.0,1
115.7,0
73.1,0
126.8,1
96.8,0
135.9,1
103.5,0
60.3,0
90.4,0
110.8,0
117.3,0
94.7,0
88.1,0
87.1,0
172.5,1
140.7,1
94.4,0
152.8,1
80.1,0
129.4,1
105.0,1
128.2,1
84.9,0
160.9,1
99.6,0
110.7,0
81.7,1
83.9,0
70.7,0
74.8,0
112.8,0
107.1,0
112.2,0
111.8,0
102.5,0
108.5,0
164.1,1
164.7,1
167.4,1
91.3,0
70.3,0
170.6,1
94.6,0
82.0,0
98.3,0
163.6,1
144.4,1
127.3,0
93.7,0
104.4,0
78.8,0
117.1,0
77.9,0
112.2,0
93.4,0
111.7,0
110.7,0
75.0,0
159.4,1
106.0,0
165.2,1
142.8,1
116.5,0
136.3,1
163.3,1
106.1,0
178.8,1
85.3,0
75.1,0
105.5,0
85.0,0
136.2,1
60.0,0
92.1,0
103.1,0
114.6,0
108.0,1
125.9,1
106.5,0
81.5,0
101.0,0
107.2,0
100.4,0
126.2,0
144.6,1
79.6,0
225.2,1
69.7,0
79.5,0
95.3,0
96.6,0
96.0,0
166.2,1
86.9,0
91.5,0
100.1,0
89.5,0
85.9,0
83.3,0
108.5,0
97.7,0
107.8,0
108.7,0
72.3,0
70.4,0
141.9,1
155.1,1
87.6,0
103.6,0
80.6,0
93.0,0
133.3,1
76.1,0
129.9,1
83.1,0
80.2,0
181.1,1
99.5,0
84.4,0
189.1,1
109.1,0
89.6,0
157.8,1
96.3,0
149.5,1
102.9,0
96.1,0
112.4,0
116.2,0
95.7,0
124.6,1
102.8,0
145.9,1
106.5,0
75.5,0
165.2,1
86.7,0
145.5,1
120.2,0
186.3,1
149.5,1
200.0,1
147.4,1
161.1,1
104.1,0
68.7,0
194.7,1
110.8,0
72.8,0
129.8,1
174.2,1
164.4,1
83.8,0
157.5,1
153.1,1
92.7,0
110.4,1
157.8,1
157.6,1
94.7,0
89.5,0
88.1,0
101.5,0
105.5,0
80.6,0
106.0,1
107.5,0
152.3,1
85.8,0
99.0,0
76.9,0
96.8,0
72.4,0
98.6,0
118.9,0
96.3,0
119.9,1
104.7,0
165.5,1
144.8,1
86.9,0
185.0,1
195.3,1
86.9,0
110.4,0
115.0,1
80.0,0
185.4,1
93.5,0
159.0,1
90.7,0
155.8,1
78.0,0
97.4,0
95.7,0
99.7,0
98.5,0
133.4,1
199.9,1
133.3,1
86.9,0
96.4,0
75.7,0
99.2,0
214.6,1
174.8,1
154.7,1
123.1,1
156.0,1
85.6,0
108.8,0
97.9,0
144.9,1
98.8,0
168.0,1
80.8,0
75.8,0
141.7,1
109.0,0
98.9,0
107.4,0
92.4,0
123.0,0
117.6,1
176.8,1
97.0,0
135.1,1
78.5,0
100.5,0
114.0,0
140.6,1
88.6,0
130.1,1
77.2,0
161.7,1
110.9,0
101.3,0
127.6,1
199.6,1
103.4,0
194.5,1
156.6,1
115.8,0
82.2,0
80.3,0
158.0,1
151.3,1
107.3,0
102.8,0
102.9,0
140.6,1
95.4,0
103.1,0
170.9,1
90.6,0
106.3,0
124.3,0
98.7,1
82.2,0
141.0,1
96.0,0
81.8,0
74.4,0
94.9,0
160.7,1
68.8,0
96.2,0
147.2,1
89.7,0
99.4,0
171.3,1
113.4,0
171.0,1
86.3,0
88.9,0
74.6,0
155.3,1
164.5,1
106.8,0
175.3,1
84.7,0
119.6,1
148.6,1
95.5,0
218.7,1
99.9,0
92.0,0
106.6,0
100.1,0
111.4,0
127.1,1
103.6,0
91.4,0
115.1,0
99.3,0
175.4,1
92.4,0
112.3,0
102.8,0
102.7,0
97.9,0
165.8,1
98.1,0
127.2,1
115.3,0
198.2,1
100.3,0
84.8,0
108.5,0
89.6,0
115.6,0
105.4,0
75.7,0
105.2,0
179.7,1
105.8,0
104.0,0
100.1,0
127.6,0
100.2,0
149.9,1
88.7,0
87.8,0
128.1,1
83.8,0
169.7,1
85.7,0
99.1,0
73.0,0
83.5,0
93.3,0
95.1,0
91.2,0
163.4,1
105.0,0
126.5,1
118.9,0
141.1,1
110.1,0
92.0,0
94.3,0
166.3,1
101.3,0
95.6,0
108.5,1
92.3,0
168.7,1
196.2,1
155.0,1
163.4,1
105.6,0
110.6,1
100.0,0
92.5,0
162.2,1
100.9,0
72.5,0
81.0,0
91.4,0
104.1,0
107.7,1
67.0,0
93.6,0
94.4,0
91.8,0
75.7,0
180.5,1
83.4,0
154.1,1
92.6,0
130.3,1
167.1,1
173.9,1
155.9,1
112.5,0
80.0,0
87.5,0
86.4,0
63.1,0
138.1,1
172.9,1
147.9,1
74.2,0
146.4,1
73.1,0
74.0,0
167.8,1
126.7,0
155.1,1
77.3,0
166.4,1
105.4,0
95.7,0
162.7,1
82.0,0
89.5,0
183.4,1
120.0,0
97.3,0
104.0,0
78.5,0
81.1,0
87.1,0
145.2,1
161.3,1
60.0,0
