household_id,avg_daily_kwh,peak_hour_kwh
S0816,29.57,4.71
S0759,6.82,2.18
S0523,29.19,4.65
S0416,20.71,4.74
S0385,19.51,5.88
S0545,20.39,6.06
S0806,28.58,6.27
S0572,19.67,5.4
S0741,37.56,4.63
S1119,9.33,2.94
S0481,33.62,4.7
S0972,19.33,5.91
S0074,20.37,5.54
S1014,31.07,6.28
S0395,22.59,
S0099,32.13,6.89
S1187,34.93,5.99
S0188,19.91,7.93
S0220,35.43,4.9
S0772,9.89,1.36
S0034,12.39,1.44
S0013,11.14,1.78
S0847,35.17,5.42
S0261,19.45,5.9
S0236,24.32,5.2
S0224,12.68,2.24
S0848,9.62,1.4
S1142,8.64,2.14
S0976,18.28,6.12
S1027,34.85,5.69
S0391,35.89,6.48
S0331,26.04,5.53
S0016,22.05,5.48
S1007,10.96,1.54
S0511,8.84,1.6
S0964,22.1,7.26
S0344,6.67,1.65
S0846,9.11,1.54
S0932,12.69,0.53
S0656,9.98,0.99
S0197,11.96,1.28
S0038,6.57,1.05
S0914,7.19,1.55
S0151,22.08,6.02
S0072,17.47,5.71
S0264,22.97,7.24
S1058,22.65,5.43
S0265,10.66,1.51
S1104,33.8,5.28
S0697,29.34,4.59
S0938,34.54,5.45
S0820,19.87,5.99
S1098,7.81,0.94
S0936,17.09,6.23
S0459,10.23,1.24
S0242,13.52,6.08
S0836,9.95,1.45
S0089,31.96,3.76
S1036,7.16,1.57
S0313,8.57,1.19
S0458,29.91,4.88
S0763,20.22,5.32
S0558,7.64,1.72
S1069,25.12,4.76
S1135,25.92,3.35
S0376,21.5,4.87
S1097,20.61,7.17
S0337,28.91,5.07
S0739,9.82,1.82
S0177,22.51,6.75
S0110,10.61,0.98
S1204,26.84,29.34
S0149,19.57,7.51
S0871,33.29,6.24
S1163,8.53,1.68
S0142,8.46,2.0
S0180,37.33,5.71
S0960,19.95,8.07
S0582,29.57,4.73
S1045,18.66,6.39
S0532,22.63,6.91
S0094,12.72,1.69
S0471,19.38,5.92
S0001,35.09,5.39
S0684,16.49,
S0755,12.2,2.11
S0060,10.82,1.37
S0646,17.31,6.81
S0500,28.82,5.71
S0692,15.62,6.01
S0917,32.98,5.62
S0719,21.95,5.56
S0860,31.45,5.86
S1178,27.05,5.95
S1089,35.07,4.52
S0762,19.45,5.04
S0875,32.98,7.16
S0059,21.85,6.43
S1035,21.79,6.44
S0170,35.11,5.85
S0404,24.48,7.26
S0032,18.15,6.02
S1042,27.58,6.79
S0187,30.0,7.88
S0106,29.56,6.53
S0856,33.44,4.25
S0513,16.59,5.51
S0873,34.1,6.15
S0240,20.36,4.22
S0896,35.01,4.57
S0057,35.13,5.94
S0463,27.65,4.65
S0853,9.49,1.88
S0153,10.12,1.16
S0012,34.63,4.5
S0708,36.56,4.22
S0369,18.74,5.98
S0179,27.54,4.74
S0222,31.84,5.76
S0630,32.98,3.88
S1114,24.63,6.33
S0413,26.55,4.58
S0617,10.85,1.5
S0660,24.74,7.67
S1182,11.04,2.3
S0503,20.9,6.55
S0056,26.83,5.9
S0691,34.05,7.51
S0293,29.9,3.63
S0579,7.45,1.49
S0460,22.34,5.1
S0526,9.86,1.11
S0183,29.03,4.02
S1126,20.74,4.78
S0666,16.05,5.95
S0504,35.14,4.77
S0701,8.34,1.39
S1091,6.8,2.26
S0782,13.02,1.05
S0488,32.82,4.84
S1038,36.11,4.74
S0757,18.65,6.93
S0158,25.81,8.02
S0752,8.86,2.23
S0984,19.48,7.9
S1172,18.81,5.18
S1112,23.33,4.8
S0926,31.86,6.92
S0400,18.78,4.95
S1079,6.7,
S0819,18.85,3.96
S0659,12.23,6.21
S0717,7.91,1.68
S0277,27.45,4.17
S0529,22.78,7.58
S0670,9.32,1.64
S0986,26.84,5.36
S0766,19.65,7.21
S0312,25.27,6.57
S0081,28.98,5.85
S0824,18.39,6.54
S0987,23.97,6.76
S1196,13.74,6.39
S0887,17.83,5.87
S0911,27.27,4.1
S0859,17.6,5.39
S1093,19.6,6.99
S0822,10.59,1.49
S1175,10.83,1.82
S1151,16.5,6.32
S0482,7.09,1.3
S0274,21.47,5.61
S1001,17.1,7.01
S0724,19.5,5.87
S0577,30.29,5.71
S0892,8.05,1.36
S0233,20.26,6.01
S0379,22.94,5.89
S0957,31.13,3.39
S1138,19.28,5.29
S0138,30.18,4.96
S0812,21.19,5.86
S1077,28.51,6.9
S0226,18.61,3.67
S1106,31.84,4.16
S0116,17.77,4.89
S0814,10.79,1.89
S0592,20.16,7.04
S0023,29.26,6.25
S0566,9.4,1.47
S0230,20.85,5.63
S1128,,7.35
S0223,8.33,1.54
S0466,26.12,5.36
S0898,18.53,4.97
S1044,4.39,2.6
S0244,34.41,5.34
S0407,8.64,1.22
S0431,7.03,2.02
S0209,8.32,2.21
S0025,10.81,1.22
S0005,26.32,3.68
S1065,24.34,5.39
S0445,28.87,3.92
S0269,29.38,4.7
S1013,10.86,1.68
S0863,13.72,1.37
S0675,21.31,6.32
S0012,34.63,4.5
S0258,10.41,2.09
S0200,9.07,0.72
S0279,9.76,2.16
S1143,22.07,7.79
S0303,26.29,6.03
S0524,30.48,4.79
S0702,21.77,5.09
S1109,23.9,6.55
S0783,10.04,1.49
S0137,6.34,2.52
S0733,9.51,2.76
S0606,29.02,5.96
S0621,6.25,0.75
S0530,6.98,1.69
S1025,23.94,6.55
S0461,32.98,6.97
S0289,8.05,2.0
S1197,21.39,7.88
S0164,34.25,4.76
S0975,22.85,7.8
S0786,25.87,4.96
S0991,12.3,1.8
S1203,21.89,24.39
S0616,9.39,1.17
S0927,35.51,5.26
S0375,30.65,5.38
S0970,13.61,5.83
S0931,19.71,6.63
S0213,21.28,6.78
S0364,20.24,7.76
S0118,19.29,7.42
S0123,22.76,6.37
S0878,21.97,3.44
S1055,26.7,5.42
S0996,31.46,5.5
S0801,19.13,7.23
S0615,7.07,1.04
S0716,16.89,7.09
S0591,38.08,4.62
S0948,22.86,5.94
S0740,21.0,7.58
S0015,8.45,2.19
S0435,23.37,5.46
S0166,15.33,8.37
S0585,9.74,1.25
S0799,33.05,6.63
S0889,17.44,4.65
S1057,9.86,1.83
S0161,19.05,5.49
S0862,20.64,8.0
S1031,16.29,8.44
S0800,36.63,3.66
S0833,5.93,1.96
S0114,22.07,4.0
S0929,24.42,5.25
S0535,9.01,2.66
S0589,16.97,6.0
S0309,20.14,6.31
S0899,23.69,5.86
S0202,7.73,1.31
S0990,26.66,6.91
S1127,19.09,6.31
S0952,20.86,5.63
S0798,,7.44
S0827,11.28,1.52
S0107,9.9,0.94
S0216,10.72,2.22
S1102,14.43,6.57
S0677,20.05,6.89
S1167,8.55,1.93
S0735,20.54,4.78
S0880,41.82,6.54
S0112,7.69,1.57
S0971,32.08,5.51
S1145,23.99,7.98
S0794,9.94,1.66
S0832,10.82,6.49
S0543,2.78,1.29
S0044,10.63,0.96
S0295,20.43,7.98
S0753,18.95,5.66
S0709,9.34,1.67
S0561,36.57,4.74
S0382,22.2,5.97
S0113,16.23,6.2
S0596,6.92,1.14
S0018,33.88,5.57
S0520,17.42,7.41
S0108,19.37,5.32
S1009,33.79,4.34
S0270,21.33,5.64
S0387,19.74,5.46
S1208,33.63,36.13
S0360,27.63,5.41
S0041,31.73,6.06
S0388,6.85,1.65
S0093,23.27,6.11
S0895,17.99,6.43
S1103,28.23,6.4
S0080,8.01,1.26
S0756,8.43,1.57
S1039,22.14,5.17
S0797,10.96,0.98
S1071,33.22,6.93
S0157,7.71,1.99
S0518,20.63,7.99
S0088,17.16,5.86
S0232,31.03,6.2
S0292,21.02,6.64
S0402,28.56,7.13
S0255,32.68,6.46
S0795,8.82,2.12
S0885,19.54,6.35
S0422,22.53,8.36
S0428,20.94,8.25
S0935,25.36,6.62
S0611,33.68,4.74
S0540,18.22,7.25
S0726,16.92,9.19
S1189,31.31,7.07
S1005,19.65,6.38
S0487,22.44,8.25
S0249,34.49,5.21
S0397,20.3,6.51
S0133,29.69,7.79
S0191,21.19,5.44
S0879,20.97,6.49
S0401,20.63,4.84
S0229,16.93,7.26
S0288,34.68,4.03
S0910,33.2,6.17
S0563,26.34,4.85
S0767,6.3,0.72
S0455,9.11,1.84
S1176,38.0,6.45
S0648,22.12,7.79
S0909,18.82,5.94
S0103,16.16,5.0
S0307,10.01,2.2
S1073,16.69,6.89
S1090,14.98,5.23
S0358,21.73,7.47
S0745,15.47,1.92
S0408,9.63,0.99
S0135,7.84,1.99
S1062,15.0,4.65
S0608,9.1,1.91
S0399,22.56,5.05
S0499,32.94,4.5
S0141,7.63,1.35
S0876,34.52,3.43
S0406,31.84,4.97
S0169,10.46,1.83
S0227,6.7,1.46
S0515,9.91,0.59
S0182,17.87,7.18
S0342,28.99,7.42
S0003,7.54,1.29
S0316,8.81,1.04
S0372,25.55,8.05
S0479,23.81,
S0967,23.02,3.79
S0720,31.58,4.41
S1194,20.85,6.4
S0350,22.41,7.33
S0281,10.78,1.13
S0440,5.3,1.45
S0627,9.22,1.51
S0314,27.32,6.63
S0163,29.87,6.02
S1147,8.78,1.52
S1130,26.36,4.26
S0439,10.44,0.99
S0603,18.79,5.27
S1192,32.06,5.18
S0257,10.52,1.25
S0064,35.6,4.62
S0208,12.26,2.17
S1120,14.97,7.17
S0985,19.83,3.67
S0802,34.08,5.27
S0333,29.24,6.35
S0047,19.27,4.13
S0505,31.76,4.35
S0156,21.51,8.19
S0742,37.17,5.19
S0434,11.44,0.94
S0569,9.35,1.41
S0124,38.86,4.72
S1050,7.92,1.04
S0778,24.54,6.15
S0597,38.46,4.05
S0494,10.31,1.92
S1024,35.78,4.66
S0781,7.88,2.46
S0620,17.7,5.4
S0433,33.79,4.15
S0840,6.41,2.38
S0785,30.42,3.84
S1084,32.84,4.07
S0713,12.07,2.12
S0805,8.85,1.6
S0706,20.59,8.34
S0396,29.13,7.02
S0478,,5.57
S0641,33.63,5.97
S1184,8.96,0.31
S0688,20.93,6.88
S0430,16.36,6.77
S0525,16.13,4.9
S0097,23.62,7.13
S0891,8.72,1.46
S0567,20.56,4.57
S0380,28.14,6.64
S0326,10.38,1.72
S0542,31.02,5.33
S0436,24.1,6.52
S1169,5.79,2.12
S0770,17.64,4.57
S0989,19.38,5.57
S0046,31.47,6.72
S0643,6.27,1.39
S0346,32.3,5.26
S1124,7.56,0.68
S0564,18.04,6.04
S0238,6.46,1.34
S0206,18.75,4.83
S0009,32.21,5.08
S0831,20.32,7.39
S0516,17.81,7.69
S0167,15.76,5.63
S0332,,4.1
S0095,7.75,1.5
S0736,7.92,1.18
S0204,20.06,6.22
S0683,9.19,1.5
S0598,31.93,6.85
S1048,10.52,2.01
S0651,9.88,1.1
S1072,14.75,5.32
S0730,18.31,8.73
S0631,5.47,
S0813,24.18,6.34
S0308,7.7,1.24
S0377,6.18,1.52
S0835,25.77,4.51
S0275,13.72,7.36
S1168,23.02,8.66
S0760,26.01,4.57
S0883,17.4,9.36
S1076,32.65,5.45
S1207,19.49,21.99
S0703,20.69,8.56
S0329,30.6,6.02
S0409,33.6,5.68
S0516,17.81,7.69
S1205,21.34,23.84
S0351,7.32,1.63
S0839,7.15,0.3
S0654,19.16,7.59
S0330,7.06,1.92
S0345,9.01,1.24
S0462,20.28,9.87
S0154,10.32,1.65
S0512,31.69,4.44
S1064,24.63,6.71
S0851,35.63,5.92
S0092,29.36,5.13
S0398,15.1,5.61
S1054,22.02,7.34
S0634,27.9,6.07
S0671,5.24,1.55
S1164,27.4,5.93
S0768,34.02,5.69
S0241,20.2,5.9
S0489,36.74,5.15
S0721,23.87,6.82
S0614,10.4,
S0271,22.19,4.77
S0773,21.43,5.79
S0993,20.11,3.21
S0278,35.55,3.51
S0053,23.14,5.53
S0196,31.47,5.16
S0497,20.34,4.7
S0682,27.23,8.14
S0026,27.41,4.95
S0977,16.09,5.72
S0594,13.38,1.9
S0301,27.2,5.14
S0186,30.63,5.49
S0317,35.29,7.4
S0383,15.63,6.46
S0159,30.19,4.13
S0715,35.92,5.74
S0341,9.23,1.19
S0628,17.79,6.48
S1132,21.48,5.07
S0211,22.13,4.39
S0894,31.29,2.84
S1181,18.96,6.03
S1193,19.86,7.29
S0014,10.96,1.56
S0011,31.87,4.59
S0546,19.68,5.43
S0349,24.71,5.29
S0181,18.98,4.96
S0722,9.48,1.81
S0954,29.88,5.76
S0033,17.83,6.68
S1201,13.66,16.16
S0024,10.86,1.19
S1032,17.99,7.79
S0998,8.64,1.43
S0604,19.5,6.91
S0367,19.29,6.44
S0522,31.21,4.66
S1041,28.31,4.11
S1134,9.21,2.07
S0690,5.94,1.14
S0855,19.56,6.03
S0949,9.07,2.1
S0042,17.86,5.14
S0363,28.99,5.63
S0629,21.21,6.81
S0136,17.87,8.08
S0749,31.22,6.72
S0189,15.53,7.31
S0267,8.11,2.03
S1052,28.01,5.89
S0107,9.9,0.94
S1161,32.67,4.59
S0122,16.76,5.84
S0673,17.47,4.58
S0052,5.61,1.76
S0477,10.77,1.33
S0652,36.68,5.98
S0890,25.75,7.7
S0811,29.19,3.77
S1159,25.9,2.8
S0104,32.44,4.25
S1111,10.22,0.8
S0738,17.44,7.78
S0825,5.34,1.85
S0838,33.5,5.62
S0243,10.27,2.13
S0601,13.05,2.23
S0687,21.18,9.06
S0300,30.01,6.44
S0425,17.52,7.06
S0920,18.28,6.67
S0297,8.62,1.7
S0184,19.62,7.77
S0386,28.17,4.64
S0533,25.65,6.24
S0754,17.47,8.74
S0852,31.55,6.62
S1125,17.16,5.94
S0810,9.25,1.61
S0729,20.98,6.46
S0793,28.25,5.91
S0744,18.9,6.86
S0357,19.12,5.45
S0484,32.52,7.14
S0531,33.34,4.71
S0359,19.46,6.64
S0613,19.12,5.47
S0366,22.96,6.71
S0495,7.09,1.55
S0410,22.73,5.41
S0493,28.82,7.33
S1067,30.46,6.44
S1153,21.08,8.28
S0534,22.79,5.33
S1026,4.49,1.9
S0549,22.62,4.5
S0743,9.16,0.98
S0637,24.2,5.92
S0905,8.75,1.74
S0071,33.2,5.32
S0711,22.57,5.68
S1012,7.12,2.1
S0427,38.52,8.21
S0922,14.08,6.17
S1030,21.14,7.14
S0521,33.55,5.72
S0928,7.77,1.55
S0352,33.27,5.06
S0498,10.22,2.28
S0418,19.77,6.46
S0635,12.05,1.43
S0828,16.33,7.11
S0882,28.72,3.75
S0647,21.96,6.99
S1034,26.5,4.11
S0725,9.84,1.69
S0361,11.97,1.77
S1033,15.54,6.57
S0473,9.04,1.71
S0483,9.47,0.75
S0602,18.98,6.51
S0298,11.2,5.31
S0901,6.78,1.57
S0225,22.83,7.17
S1198,19.74,7.3
S0096,28.79,4.89
S1059,32.37,7.12
S0212,16.46,4.16
S0362,21.7,6.44
S0695,9.12,1.79
S0302,16.02,7.23
S0355,16.49,4.83
S0590,30.52,6.12
S0370,8.25,2.3
S0956,35.6,3.56
S1173,8.59,1.87
S0658,37.62,6.11
S0886,17.61,6.3
S0054,35.63,4.54
S0049,31.71,5.7
S1086,28.98,4.49
S0962,7.8,2.46
S0997,28.78,6.12
S0296,7.76,1.58
S0586,10.57,2.1
S0272,10.87,1.0
S0906,17.54,7.34
S0446,34.61,5.92
S1008,5.22,1.37
S0008,18.53,4.56
S0120,20.73,5.28
S1110,8.46,1.25
S0664,19.9,6.93
S0841,21.08,6.15
S0469,30.1,6.05
S0139,39.04,6.58
S0541,18.66,5.34
S0019,12.25,2.1
S0384,23.31,6.4
S1061,30.45,5.14
S0324,21.52,7.63
S0804,8.61,1.28
S1051,18.43,8.25
S0667,17.84,5.51
S0712,6.8,1.17
S0356,37.14,5.04
S0597,38.46,4.05
S0869,25.01,6.96
S0624,14.92,1.88
S0978,9.43,1.86
S0472,11.15,1.18
S0625,33.72,6.54
S1006,9.06,2.69
S1180,10.67,2.15
S0421,34.33,4.62
S0417,17.95,6.0
S0662,25.69,5.92
S1155,17.43,6.71
S0817,7.03,0.73
S0959,20.13,5.34
S0250,10.07,1.62
S0861,28.69,4.42
S0506,21.12,7.04
S0444,24.31,6.2
S0119,6.79,1.46
S0866,11.94,1.85
S0510,20.75,6.55
S0809,12.17,1.83
S0727,6.15,1.79
S0453,33.67,4.8
S1170,8.76,1.33
S0441,8.1,2.22
S0339,19.26,7.27
S0127,21.39,4.54
S0423,30.3,3.96
S0509,8.78,0.84
S0790,22.64,6.09
S0994,17.8,6.23
S0221,15.89,6.95
S0291,20.95,5.7
S0115,4.67,1.74
S0834,9.74,1.47
S0963,7.5,1.53
S0248,32.39,4.73
S0276,22.98,7.75
S0310,21.41,5.57
S0028,29.81,6.68
S0451,9.04,1.95
S0580,15.78,5.95
S0160,32.18,5.63
S0830,6.76,0.86
S0262,31.16,3.42
S0443,20.41,6.14
S1000,15.96,6.62
S0449,33.7,5.46
S0850,7.69,1.83
S1074,33.51,5.92
S1015,15.98,6.03
S0593,9.17,1.59
S0318,9.51,1.27
S0415,29.79,7.01
S0218,15.23,8.77
S1096,18.1,7.47
S0973,15.97,5.57
S0165,9.98,2.02
S0571,33.37,7.06
S0764,19.22,9.6
S0035,11.06,2.49
S0007,6.76,1.16
S0775,29.91,6.17
S1046,23.25,6.95
S1131,33.83,5.59
S0854,31.62,3.97
S1156,25.64,5.29
S0084,3.2,1.8
S1200,31.38,4.83
S1099,6.78,2.18
S0306,35.86,6.04
S0900,16.97,6.59
S0132,17.47,7.69
S0679,9.8,0.8
S0559,24.69,6.39
S1177,27.67,6.36
S0610,23.43,6.62
S0029,28.53,2.83
S0912,9.95,1.62
S0823,36.04,5.4
S0632,40.14,7.5
S0474,11.76,2.18
S0554,9.16,2.0
S1016,7.6,2.05
S0239,18.75,4.92
S0796,32.52,3.4
S0368,28.99,5.76
S0980,15.19,6.77
S0636,22.4,5.34
S1195,12.4,5.98
S1017,19.69,6.59
S0650,31.47,6.22
S0077,26.45,5.74
S0595,12.81,6.21
S0680,22.45,6.02
S1080,29.71,6.5
S0193,34.88,6.06
S0280,6.3,1.73
S1117,7.79,2.52
S0194,10.18,1.7
S0653,21.28,5.49
S0669,27.52,7.0
S0644,21.51,6.18
S0937,9.3,1.47
S0693,8.68,1.65
S0934,10.74,2.05
S0447,19.77,5.38
S0266,7.54,1.65
S0246,16.27,5.5
S0282,11.96,1.57
S0062,6.74,1.69
S1011,11.89,7.14
S0365,21.1,6.85
S1081,17.68,7.46
S0584,10.27,2.43
S0758,21.33,5.68
S0031,8.51,1.5
S0129,27.54,6.86
S1137,17.94,5.7
S0147,6.66,1.54
S0125,25.7,6.57
S0642,20.78,6.36
S0448,6.94,1.93
S0155,17.2,6.34
S0999,22.28,4.83
S0192,12.86,1.53
S0162,22.43,5.26
S0761,33.78,5.09
S0557,31.34,5.98
S0287,21.36,7.35
S0299,30.45,3.72
S0067,6.15,1.51
S0544,27.66,3.87
S0347,8.72,1.76
S0091,25.6,5.99
S0022,13.66,5.49
S0868,21.51,7.03
S0845,9.51,1.18
S0144,37.6,6.32
S0050,7.8,1.58
S0437,9.72,1.76
S0070,20.46,4.89
S0605,7.69,1.63
S0438,16.15,5.97
S0283,15.26,5.98
S0958,7.97,1.74
S0304,17.16,6.84
S0083,24.73,6.13
S0315,29.84,4.42
S0311,21.87,6.82
S0045,29.86,3.99
S1129,17.64,5.9
S1040,20.57,5.4
S0174,9.76,1.99
S0622,34.35,3.09
S0777,21.41,4.71
S1136,33.06,4.8
S0429,19.85,6.69
S0857,32.54,5.66
S1092,22.5,5.53
S1105,7.29,2.44
S0109,19.65,6.0
S0143,8.75,2.38
S0260,7.91,2.15
S0578,26.71,3.07
S0086,24.22,7.28
S0254,21.06,5.14
S0021,15.63,4.06
S0844,26.53,5.42
S0075,22.96,6.24
S0575,8.3,1.41
S0574,10.25,0.89
S0718,19.1,5.68
S1066,17.76,7.02
S0490,21.19,6.41
S1141,19.63,6.17
S0087,28.49,6.92
S0373,9.57,1.56
S0201,20.83,5.82
S0268,9.13,1.53
S0974,7.85,1.53
S0419,18.02,7.61
S0746,11.37,2.03
S0734,36.73,5.94
S1140,24.19,5.03
S0961,10.68,2.1
S0394,10.92,2.05
S1183,21.44,6.62
S0017,23.84,5.53
S0888,17.63,7.81
S1115,34.95,4.19
S0117,34.0,6.52
S0968,31.5,6.01
S0305,,7.01
S0607,21.39,8.19
S1171,19.2,7.6
S0649,9.32,1.84
S0389,11.53,1.77
S0073,32.08,5.39
S0944,38.38,5.01
S0888,17.63,7.81
S1018,34.81,5.57
S0403,20.69,6.47
S0969,18.46,5.9
S0562,20.16,7.23
S0731,11.51,1.71
S0676,19.91,5.51
S0765,,1.86
S0185,21.89,4.44
S0551,6.85,1.37
S0858,13.25,2.23
S0737,9.58,1.71
S1023,35.66,7.25
S1068,18.3,7.03
S0146,20.28,7.35
S0420,17.32,4.19
S1029,9.57,1.7
S0807,16.05,6.7
S0925,36.29,5.81
S0924,8.05,1.73
S0588,16.76,7.58
S0517,23.98,6.41
S0903,29.58,7.43
S0231,20.67,7.62
S0219,29.57,4.27
S1037,19.99,3.69
S0576,23.92,3.62
S0570,19.06,5.58
S0190,7.14,1.37
S0881,27.64,5.57
S0066,14.88,7.79
S0748,31.6,5.03
S0508,18.51,7.19
S0884,16.06,6.31
S0256,6.08,1.9
S0661,29.73,6.56
S0583,17.53,6.42
S0176,30.91,5.69
S0552,10.01,1.5
S0215,17.88,7.37
S0335,22.03,7.15
S0178,35.83,5.38
S0082,4.83,1.61
S0290,24.56,5.05
S0946,27.67,5.34
S0374,17.9,6.12
S0728,27.67,6.39
S0527,7.62,1.74
S0253,26.42,6.32
S0587,20.07,7.17
S1047,26.54,5.85
S1133,18.38,8.01
S1083,25.22,6.02
S1199,10.81,1.31
S0485,35.91,5.66
S0236,24.32,5.2
S0411,9.74,1.52
S0172,20.11,4.92
S0842,6.84,2.03
S0821,21.35,6.97
S0020,28.58,5.15
S0237,19.74,7.29
S0501,11.95,2.0
S0203,7.29,1.43
S0705,18.38,7.36
S0837,20.97,6.42
S0826,10.45,1.53
S0465,7.08,2.29
S0923,22.03,6.56
S0618,20.21,5.81
S1146,8.66,1.54
S0668,21.31,6.33
S0442,5.34,1.81
S0539,20.96,6.14
S1113,22.07,5.76
S0787,34.59,5.26
S0788,23.12,6.95
S0872,17.07,5.93
S0699,33.59,4.78
S1139,16.84,6.19
S0626,23.98,5.58
S0313,8.57,1.19
S0950,16.38,7.77
S0055,9.86,2.24
S0502,21.68,7.59
S0338,19.95,6.3
S0870,22.18,6.78
S0245,25.78,5.25
S0378,8.54,1.77
S0867,20.37,5.63
S1206,7.65,10.15
S0036,15.94,6.83
S1078,16.39,5.14
S0536,9.63,2.16
S0491,32.39,5.17
S0696,14.93,2.02
S0464,13.16,1.44
S0412,30.26,5.65
S0519,16.64,7.99
S0294,28.66,4.41
S0784,20.61,6.34
S0774,10.29,1.04
S0061,19.56,5.77
S0085,9.13,1.03
S0507,7.5,1.52
S0995,16.71,6.38
S0284,30.31,6.54
S0916,12.28,5.49
S0723,19.87,7.96
S0457,32.64,7.39
S0818,30.8,5.89
S1075,34.8,4.13
S1060,8.72,1.77
S1053,31.91,7.81
S1094,26.88,7.26
S0685,18.26,7.11
S0101,16.83,5.75
S0454,6.04,1.77
S0865,24.21,5.58
S0322,32.11,4.02
S0432,10.0,1.15
S0334,20.67,7.45
S0915,21.25,7.28
S0468,5.16,2.36
S0340,23.06,6.98
S0051,18.36,7.38
S0210,15.9,5.23
S1116,20.45,5.87
S1162,11.75,2.12
S0251,8.68,0.56
S0707,17.93,7.45
S0874,26.73,7.42
S0168,6.76,1.48
S0933,9.95,1.4
S0004,24.15,6.66
S0843,18.17,5.29
S0942,39.92,6.1
S0393,20.72,6.21
S0134,19.63,4.68
S0704,9.54,1.84
S1021,18.6,8.53
S0639,7.45,1.28
S0710,25.65,5.87
S0609,8.55,2.1
S1152,30.92,4.86
S0776,10.41,2.15
S0002,21.37,7.58
S0371,10.53,0.72
S0941,19.39,8.79
S1185,28.84,5.89
S1108,23.82,8.34
S1063,14.87,5.7
S1003,15.72,5.54
S0006,36.7,6.75
S0111,21.1,7.03
S0354,16.21,6.18
S0199,8.73,1.98
S0921,10.73,1.47
S0955,34.24,4.41
S1157,14.67,8.64
S0681,28.27,7.0
S0893,28.87,5.04
S0414,19.07,
S0665,10.75,1.76
S0638,19.88,6.77
S0079,26.77,4.02
S0175,16.59,4.57
S1118,22.45,4.06
S0769,20.49,6.79
S0663,27.38,6.82
S0048,17.78,7.16
S0392,11.61,2.24
S0035,11.06,2.49
S0573,30.96,4.96
S0565,28.95,5.31
S0700,6.83,2.11
S1165,21.35,5.49
S0694,29.26,5.14
S0263,18.0,6.05
S0965,21.16,7.27
S0672,22.96,5.65
S0068,16.27,8.4
S1122,8.13,2.09
S0140,30.76,5.39
S0030,8.53,1.28
S0426,10.35,1.97
S0039,18.71,5.5
S0424,21.27,5.02
S0390,19.85,6.95
S0640,42.28,6.91
S1123,29.14,4.85
S1150,16.64,8.21
S0063,31.07,4.83
S1004,27.25,5.55
S0100,19.51,4.26
S0547,26.08,6.18
S0789,20.34,8.46
S1121,9.34,1.67
S1049,9.52,1.18
S0992,17.5,7.48
S0286,20.62,8.3
S1158,9.4,2.23
S1166,12.83,2.04
S0913,6.74,2.02
S0171,18.31,5.9
S0599,11.95,1.6
S0780,22.36,4.63
S0065,26.03,5.32
S0982,32.09,5.92
S1019,19.9,7.61
S0259,11.81,2.13
S0348,16.84,8.15
S0321,21.34,6.44
S1002,18.05,4.72
S0381,18.64,5.94
S0560,10.5,1.5
S0195,6.85,1.24
S0480,18.87,8.4
S0951,18.77,7.15
S1174,20.64,6.87
S0273,14.08,2.01
S0981,27.69,3.64
S0983,23.21,5.65
S0476,6.78,2.05
S0538,15.84,7.15
S0450,17.19,6.49
S0829,33.17,6.24
S1067,30.46,6.44
S0678,22.05,6.41
S0686,22.97,6.43
S0090,9.99,1.68
S0815,16.53,5.15
S0105,35.15,6.07
S0657,23.71,5.85
S0247,8.17,1.29
S0098,35.48,5.02
S1043,7.18,1.76
S0612,19.34,7.28
S0897,,7.55
S0698,22.81,6.34
S0771,5.7,1.31
S0750,11.31,1.88
S0548,28.5,4.33
S1191,6.89,1.48
S0145,33.25,4.4
S1070,19.49,6.75
S0600,30.59,3.12
S0792,9.76,1.6
S0353,34.12,6.3
S0121,20.56,5.87
S1082,25.23,6.38
S0939,26.04,5.23
S0470,32.48,5.96
S0452,11.92,1.12
S1202,14.08,16.58
S0492,20.25,6.62
S0456,25.07,4.61
S0328,27.92,5.01
S0864,37.15,7.43
S0791,12.35,1.49
S0475,10.33,2.12
S0486,18.15,6.39
S0985,19.83,3.67
S0550,10.07,2.49
S0732,7.97,2.18
S0808,12.45,1.72
S0689,31.79,5.67
S0152,29.45,6.82
S0943,9.06,2.05
S0751,31.95,5.07
S1022,33.02,6.14
S0979,10.36,1.33
S1101,33.64,6.01
S1188,30.8,6.85
S0821,21.35,6.97
S0633,,6.81
S0040,11.17,1.73
S1160,11.66,1.78
S0217,10.95,1.76
S0947,7.88,1.43
S0470,32.48,5.96
S0173,9.54,1.28
S0877,10.22,1.64
S0214,19.71,5.65
S0568,17.96,7.25
S0285,17.04,6.52
S0803,7.68,1.47
S1190,15.68,6.26
S0467,27.7,4.82
S0405,5.9,1.65
S0207,6.1,1.89
S1085,21.73,5.58
S0234,7.51,0.97
S0037,25.63,2.76
S0674,20.54,7.54
S1028,32.3,5.74
S1020,28.02,3.43
S0655,19.11,5.79
S1010,29.29,5.12
S0581,17.73,7.06
S0747,9.09,1.3
S0150,19.52,6.1
S0323,9.26,1.52
S0078,21.76,5.04
S0553,30.42,6.72
S0555,27.53,5.34
S0102,24.13,4.98
S1179,23.41,6.32
S1149,33.68,4.74
S0010,6.98,1.48
S1154,29.85,4.86
S1095,38.53,4.76
S0252,38.24,7.29
S0918,21.31,6.77
S0126,17.92,6.93
S0198,7.53,0.5
S0930,25.58,5.27
S0069,30.14,4.88
S0953,6.81,1.57
S0076,22.3,7.4
S0904,10.07,0.84
S0043,22.31,7.64
S0945,9.35,1.26
S0537,22.26,4.93
S1148,5.45,1.97
S0919,9.19,1.92
S1107,38.08,6.53
S0130,11.91,1.32
S0908,9.54,0.96
S0779,12.23,6.31
S1088,36.18,7.46
S0235,15.9,6.48
S0327,7.65,0.5
S0966,17.01,3.68
S1144,7.8,1.63
S0058,17.33,6.46
S0556,18.27,7.01
S0148,14.55,6.25
S0320,19.92,5.29
S0128,37.82,5.3
S1087,29.02,5.03
S0645,8.9,0.82
S0940,5.25,2.14
S0343,20.01,4.53
S0528,23.25,5.96
S0902,8.21,0.66
S1056,12.38,1.84
S0988,21.19,5.62
S0205,18.75,7.59
S0131,13.12,0.67
S0325,21.36,7.73
S0623,4.37,1.13
S1186,27.19,5.29
S0496,24.25,7.72
S0027,20.73,5.21
S1100,23.02,7.24
S0514,32.34,4.93
S0319,27.53,5.3
S0849,30.53,3.87
S0336,16.52,4.63
S0619,9.07,1.69
S0228,7.45,1.56
S0714,9.28,1.49
S0907,34.58,4.3
